Workbook
Name Calibration_Date: [1]Calibration!$L$10
Name Calibration_Technician: [1]Calibration!$H$10
Name Circ_Fractions_Table: '[2]Fraction of Diameter'!$A$10:$G$21
Name Circ_Stack?: '[3]Title Page'!$D$20
Name Circ_Stack_Diam: '[3]Method 1 - Circular'!$E$16
Name Console_Model_Num: [1]Calibration!$D$4
Name Console_Serial_Num: [1]Calibration!$H$4
Name High_Flow_Orifice_Model: [1]Calibration!$H$7
Name Low_Flow_Orifice_Model: [1]Calibration!$L$7
Name M5R1_Dna: '[3]Method 5 - Run 1'!$M$16
Name Manufacture_Date: [1]Calibration!$L$4
Name Rect_Equiv_Diam: '[3]Method 1 - Rectangular'!$E$18
Name Rect_Stack?: '[3]Title Page'!$D$21
Name Totalizer_Model: [1]Calibration!$D$6
Name Totalizer_Scale_Factor: [1]Calibration!$H$6
Name ubiog: '[4]U. Biogeografica'!$E$2:$E$18
Name Yavg: [1]Calibration!$K$44

Sheet FOM303-32-Imprimir
C1: K2 INGENIERÍA S.A.S | I1: Versión N.07 2024-05-27 FOM303-32
C3: FORMATO DE CAMPO MONITOREO ANALIZADORES AUTOMÁTICOS
A5: PROYECTO: | C5: Aerocivil
A6: MUNICIPIO: | C6: Bogotá DC | E6: EQUIPO UTILIZADO: | F6: Cabina Analisadores | G6: COORDENADA NORTE: | H6: 2078871.8
A7: DEPARTAMENTO: | C7: Distrito Capital | E7: S/N: | F7: TAEEET-3595-22 | G7: COORDENADA OESTE: | H7: -4870008.2
A9: Estación de muestreo | C9: INICIO | E9: FINAL | G9: Tiempo de exposición | H9: DS T°C Shelter (< 2,1) | I9: Observaciones
C10: Fecha | D10: Hora | E10: Fecha | F10: Hora
A11: CA4 Funza | C11: 45992 | D11: 0 | E11: =C11 -> 45992 | F11: 0.95833333 | G11: =COUNT(INDIRECT("'Dia " & ROW()-10 & "'!C21:C45")) -> 24 | H11: {=IF(G11=24,INDIRECT("'" & "Dia " & ROW()-10 & "'!C47"),"-")} -> 1.0269077
A12: CA4 Funza | C12: 45993 | D12: 0 | E12: =C12 -> 45993 | F12: 0.95833333 | G12: =COUNT(INDIRECT("'Dia " & ROW()-10 & "'!C21:C45")) -> 24 | H12: {=IF(G12=24,INDIRECT("'" & "Dia " & ROW()-10 & "'!C47"),"-")} -> 0.72720955
A13: CA4 Funza | C13: 45994 | D13: 0 | E13: =C13 -> 45994 | F13: 0.95833333 | G13: =COUNT(INDIRECT("'Dia " & ROW()-10 & "'!C21:C45")) -> 24 | H13: {=IF(G13=24,INDIRECT("'" & "Dia " & ROW()-10 & "'!C47"),"-")} -> 0.48032352
A14: CA4 Funza | C14: 45995 | D14: 0 | E14: =C14 -> 45995 | F14: 0.95833333 | G14: =COUNT(INDIRECT("'Dia " & ROW()-10 & "'!C21:C45")) -> 24 | H14: {=IF(G14=24,INDIRECT("'" & "Dia " & ROW()-10 & "'!C47"),"-")} -> 0.55391364
A15: CA4 Funza | C15: 45996 | D15: 0 | E15: =C15 -> 45996 | F15: 0.95833333 | G15: =COUNT(INDIRECT("'Dia " & ROW()-10 & "'!C21:C45")) -> 24 | H15: {=IF(G15=24,INDIRECT("'" & "Dia " & ROW()-10 & "'!C47"),"-")} -> 0.63696676
A16: CA4 Funza | C16: 45997 | D16: 0 | E16: =C16 -> 45997 | F16: 0.95833333 | G16: =COUNT(INDIRECT("'Dia " & ROW()-10 & "'!C21:C45")) -> 24 | H16: {=IF(G16=24,INDIRECT("'" & "Dia " & ROW()-10 & "'!C47"),"-")} -> 0.64248898
A17: CA4 Funza | C17: 45998 | D17: 0 | E17: =C17 -> 45998 | F17: 0.95833333 | G17: =COUNT(INDIRECT("'Dia " & ROW()-10 & "'!C21:C45")) -> 24 | H17: {=IF(G17=24,INDIRECT("'" & "Dia " & ROW()-10 & "'!C47"),"-")} -> 0.6569434
A18: CA4 Funza | C18: 45999 | D18: 0 | E18: =C18 -> 45999 | F18: 0.95833333 | G18: =COUNT(INDIRECT("'Dia " & ROW()-10 & "'!C21:C45")) -> 24 | H18: {=IF(G18=24,INDIRECT("'" & "Dia " & ROW()-10 & "'!C47"),"-")} -> 1.0357996
A19: CA4 Funza | C19: 46000 | D19: 0 | E19: =C19 -> 46000 | F19: 0.95833333 | G19: =COUNT(INDIRECT("'Dia " & ROW()-10 & "'!C21:C45")) -> 24 | H19: {=IF(G19=24,INDIRECT("'" & "Dia " & ROW()-10 & "'!C47"),"-")} -> 0.62955326
A20: CA4 Funza | C20: 46001 | D20: 0 | E20: =C20 -> 46001 | F20: 0.95833333 | G20: =COUNT(INDIRECT("'Dia " & ROW()-10 & "'!C21:C45")) -> 24 | H20: {=IF(G20=24,INDIRECT("'" & "Dia " & ROW()-10 & "'!C47"),"-")} -> 0.66299163
A21: CA4 Funza | C21: 46002 | D21: 0 | E21: =C21 -> 46002 | F21: 0.95833333 | G21: =COUNT(INDIRECT("'Dia " & ROW()-10 & "'!C21:C45")) -> 24 | H21: {=IF(G21=24,INDIRECT("'" & "Dia " & ROW()-10 & "'!C47"),"-")} -> 1.4422742
A22: CA4 Funza | C22: 46003 | D22: 0 | E22: =C22 -> 46003 | F22: 0.95833333 | G22: =COUNT(INDIRECT("'Dia " & ROW()-10 & "'!C21:C45")) -> 24 | H22: {=IF(G22=24,INDIRECT("'" & "Dia " & ROW()-10 & "'!C47"),"-")} -> 0.35996256
... A41: CA4 Funza | C41: 46022 | D41: 0 | E41: =C41 -> 46022 | F41: 0.95833333 | G41: =COUNT(INDIRECT("'Dia " & ROW()-10 & "'!C21:C45")) -> 24 | H41: {=IF(G41=24,INDIRECT("'" & "Dia " & ROW()-10 & "'!C47"),"-")} -> 0.99275238
A42: Elaboró: | B42: Alexander Diaz Herrera | D42: Revisó | G42: Verificó: | I42: Leonardo Perez
B43: Técnico de campo | E43: Coordinador | I43: Consultor
A44: Nota : | B44: Los datos consignados en este documento son válidos únicamente para el proyecto y/o estaciones relacionadas. Cualquier reproducción parcial requiere de la autorización de K2 Ingeniería S.A.S.

Sheet Dia 1
B1: K2 INGENIERÍA S.A.S | F1: Versión N.07 2024-05-27 FOM303-32
B2: FORMATO DE CAMPO MONITOREO ANALIZADORES AUTOMÁTICOS
A7: PROYECTO: | B7: AEROCIVIL | D7: MUNICIPIO: | E7: {='FOM303-32-Imprimir'!C6:C6} -> Bogotá DC
A8: ESTACION DE MUESTREO: | B8: CA4 Funza | D8: DEPARTAMENTO: | E8: {='FOM303-32-Imprimir'!C7:C7} -> Distrito Capital
A9: COORDENADA NORTE: | B9: {='FOM303-32-Imprimir'!H6:H6} -> 2078871.8 | D9: COORDENADA OESTE: | E9: {='FOM303-32-Imprimir'!H7:H7} -> -4870008.2
A10: RESPONSABLE DEL MUESTREO | B10: Leonardo Pérez | D10: ALTURA MSNM: | E10: 2550
A11: FECHA INICIO: | B11: 45992 | D11: HORA INICIO: | E11: 0
A12: FECHA FINAL: | B12: 46022 | D12: HORA FINAL: | E12: 0.95833333
B15: REGISTRO DE LA TEMPERATURA DEL SHELTER HORARIA PARA DETERMINAR DS T°C
B17: PERIODO DE 24 HORAS DESDE LA HORA 0 | C17: REGISTRO DE LA TEMPERATURA DEL SHELTER DE FORMA HORARIO
B21: 0 | C21: 22.223 | D21: 22.223
B22: 1 | C22: 21.395 | D22: 21.395
B23: 2 | C23: 20.569 | D23: 20.569
B24: 3 | C24: 20.774 | D24: 20.774
B25: 4 | C25: 20.726 | D25: 20.726
B26: 5 | C26: 20.677 | D26: 20.677
B27: 6 | C27: 20.585 | D27: 20.585
B28: 7 | C28: 23.158 | D28: 23.158
B29: 8 | C29: 22.273 | D29: 22.273
B30: 9 | C30: 21.564 | D30: 21.564
B31: 10 | C31: 23.427 | D31: 23.427
B32: 11 | C32: 24.207 | D32: 24.207
... B44: 23 | C44: 23.199 | D44: 23.199
B46: PROMEDIO TOTAL T°C | C46: =AVERAGE(C22:C45) -> 22.27387
B47: (DESVIACIÓN ESTÁNDAR) DS T°C | C47: =_xlfn.STDEV.S(C21:C45) -> 1.0269077 | D47: <2.5
B48: VERIFICACIÓN | C48: =IF(ABS(C47)>=2.5,"NO CUMPLE CON DS T°C DEL SHELTER"," CUMPLE CON DS T°C DEL SHELTER") -> CUMPLE CON DS T°C DEL SHELTER

Sheet Dia 2
B1: K2 INGENIERÍA S.A.S | F1: Versión N.07 2024-05-27 FOM303-32
B2: FORMATO DE CAMPO MONITOREO ANALIZADORES AUTOMÁTICOS
A7: PROYECTO: | B7: {='Dia 1'!B7:B7} -> AEROCIVIL | D7: MUNICIPIO: | E7: {='Dia 1'!E7:E7} -> Bogotá DC
A8: ESTACION DE MUESTREO: | B8: {='Dia 1'!B8:B8} -> CA4 Funza | D8: DEPARTAMENTO: | E8: {='Dia 1'!E8:E8} -> Distrito Capital
A9: COORDENADA NORTE: | B9: {='Dia 1'!B9:B9} -> 2078871.8 | D9: COORDENADA OESTE: | E9: {='Dia 1'!E9:E9} -> -4870008.2
A10: RESPONSABLE DEL MUESTREO | B10: {='Dia 1'!B10:B10} -> Leonardo Pérez | D10: ALTURA MSNM: | E10: {='Dia 1'!E10:E10} -> 2550
A11: FECHA INICIO: | B11: {='Dia 1'!B11:B11} -> 45992 | D11: HORA INICIO: | E11: {='Dia 1'!E11:E11} -> 0
A12: FECHA FINAL: | B12: {='Dia 1'!B12:B12} -> 46022 | D12: HORA FINAL: | E12: {='Dia 1'!E12:E12} -> 0.95833333
B15: REGISTRO DE LA TEMPERATURA DEL SHELTER HORARIA PARA DETERMINAR DS T°C
B17: PERIODO DE 24 HORAS DESDE LA HORA 0 | C17: REGISTRO DE LA TEMPERATURA DEL SHELTER DE FORMA HORARIO
B21: 0 | C21: 23.26 | D21: 23.26
B22: 1 | C22: 23.121 | D22: 23.121
B23: 2 | C23: 22.916 | D23: 22.916
B24: 3 | C24: 22.536 | D24: 22.536
B25: 4 | C25: 21.695 | D25: 21.695
B26: 5 | C26: 21.175 | D26: 21.175
B27: 6 | C27: 21.205 | D27: 21.205
B28: 7 | C28: 23.177 | D28: 23.177
B29: 8 | C29: 23.201 | D29: 23.201
B30: 9 | C30: 23.157 | D30: 23.157
B31: 10 | C31: 22.886 | D31: 22.886
B32: 11 | C32: 22.934 | D32: 22.934
... B44: 23 | C44: 23.254 | D44: 23.254
B45: 24
B46: PROMEDIO TOTAL T°C | C46: =AVERAGE(C22:C45) -> 22.892783
B47: (DESVIACIÓN ESTÁNDAR) DS T°C | C47: =_xlfn.STDEV.S(C21:C45) -> 0.72720955 | D47: <2.5
B48: VERIFICACIÓN | C48: =IF(ABS(C47)>=2.5,"NO CUMPLE CON DS T°C DEL SHELTER"," CUMPLE CON DS T°C DEL SHELTER") -> CUMPLE CON DS T°C DEL SHELTER

Sheet Dia 3
B1: K2 INGENIERÍA S.A.S | F1: Versión N.07 2024-05-27 FOM303-32
B2: FORMATO DE CAMPO MONITOREO ANALIZADORES AUTOMÁTICOS
A7: PROYECTO: | B7: {='Dia 1'!B7:B7} -> AEROCIVIL | D7: MUNICIPIO: | E7: {='Dia 1'!E7:E7} -> Bogotá DC
A8: ESTACION DE MUESTREO: | B8: {='Dia 1'!B8:B8} -> CA4 Funza | D8: DEPARTAMENTO: | E8: {='Dia 1'!E8:E8} -> Distrito Capital
A9: COORDENADA NORTE: | B9: {='Dia 1'!B9:B9} -> 2078871.8 | D9: COORDENADA OESTE: | E9: {='Dia 1'!E9:E9} -> -4870008.2
A10: RESPONSABLE DEL MUESTREO | B10: {='Dia 1'!B10:B10} -> Leonardo Pérez | D10: ALTURA MSNM: | E10: {='Dia 1'!E10:E10} -> 2550
A11: FECHA INICIO: | B11: {='Dia 1'!B11:B11} -> 45992 | D11: HORA INICIO: | E11: {='Dia 1'!E11:E11} -> 0
A12: FECHA FINAL: | B12: {='Dia 1'!B12:B12} -> 46022 | D12: HORA FINAL: | E12: {='Dia 1'!E12:E12} -> 0.95833333
B15: REGISTRO DE LA TEMPERATURA DEL SHELTER HORARIA PARA DETERMINAR DS T°C
B17: PERIODO DE 24 HORAS DESDE LA HORA 0 | C17: REGISTRO DE LA TEMPERATURA DEL SHELTER DE FORMA HORARIO
B21: 0 | C21: 23.645 | D21: 23.645
B22: 1 | C22: 22.917 | D22: 22.917
B23: 2 | C23: 22.883 | D23: 22.883
B24: 3 | C24: 23.153 | D24: 23.153
B25: 4 | C25: 23.716 | D25: 23.716
B26: 5 | C26: 23.384 | D26: 23.384
B27: 6 | C27: 23.429 | D27: 23.429
B28: 7 | C28: 22.401 | D28: 22.401
B29: 8 | C29: 22.482 | D29: 22.482
B30: 9 | C30: 22.003 | D30: 22.003
B31: 10 | C31: 22.221 | D31: 22.221
B32: 11 | C32: 21.906 | D32: 21.906
... B44: 23 | C44: 22.751 | D44: 22.751
B45: 24
B46: PROMEDIO TOTAL T°C | C46: =AVERAGE(C22:C45) -> 22.701304
B47: (DESVIACIÓN ESTÁNDAR) DS T°C | C47: =_xlfn.STDEV.S(C21:C45) -> 0.48032352 | D47: <2.5
B48: VERIFICACIÓN | C48: =IF(ABS(C47)>=2.5,"NO CUMPLE CON DS T°C DEL SHELTER"," CUMPLE CON DS T°C DEL SHELTER") -> CUMPLE CON DS T°C DEL SHELTER

Sheet Dia 4
B1: K2 INGENIERÍA S.A.S | F1: Versión N.07 2024-05-27 FOM303-32
B2: FORMATO DE CAMPO MONITOREO ANALIZADORES AUTOMÁTICOS
A7: PROYECTO: | B7: {='Dia 1'!B7:B7} -> AEROCIVIL | D7: MUNICIPIO: | E7: {='Dia 1'!E7:E7} -> Bogotá DC
A8: ESTACION DE MUESTREO: | B8: {='Dia 1'!B8:B8} -> CA4 Funza | D8: DEPARTAMENTO: | E8: {='Dia 1'!E8:E8} -> Distrito Capital
A9: COORDENADA NORTE: | B9: {='Dia 1'!B9:B9} -> 2078871.8 | D9: COORDENADA OESTE: | E9: {='Dia 1'!E9:E9} -> -4870008.2
A10: RESPONSABLE DEL MUESTREO | B10: {='Dia 1'!B10:B10} -> Leonardo Pérez | D10: ALTURA MSNM: | E10: {='Dia 1'!E10:E10} -> 2550
A11: FECHA INICIO: | B11: {='Dia 1'!B11:B11} -> 45992 | D11: HORA INICIO: | E11: {='Dia 1'!E11:E11} -> 0
A12: FECHA FINAL: | B12: {='Dia 1'!B12:B12} -> 46022 | D12: HORA FINAL: | E12: {='Dia 1'!E12:E12} -> 0.95833333
B15: REGISTRO DE LA TEMPERATURA DEL SHELTER HORARIA PARA DETERMINAR DS T°C
B17: PERIODO DE 24 HORAS DESDE LA HORA 0 | C17: REGISTRO DE LA TEMPERATURA DEL SHELTER DE FORMA HORARIO
B21: 0 | C21: 23.523 | D21: 23.523
B22: 1 | C22: 22.868 | D22: 22.868
B23: 2 | C23: 23.014 | D23: 23.014
B24: 3 | C24: 23.167 | D24: 23.167
B25: 4 | C25: 22.944 | D25: 22.944
B26: 5 | C26: 23.525 | D26: 23.525
B27: 6 | C27: 23.801 | D27: 23.801
B28: 7 | C28: 22.847 | D28: 22.847
B29: 8 | C29: 21.751 | D29: 21.751
B30: 9 | C30: 22.827 | D30: 22.827
B31: 10 | C31: 22.375 | D31: 22.375
B32: 11 | C32: 22.493 | D32: 22.493
... B44: 23 | C44: 22.575 | D44: 22.575
B45: 24
B46: PROMEDIO TOTAL T°C
B47: (DESVIACIÓN ESTÁNDAR) DS T°C | C47: =_xlfn.STDEV.S(C21:C45) -> 0.55391364 | D47: <2.5
B48: VERIFICACIÓN | C48: =IF(ABS(C47)>=2.5,"NO CUMPLE CON DS T°C DEL SHELTER"," CUMPLE CON DS T°C DEL SHELTER") -> CUMPLE CON DS T°C DEL SHELTER

Sheet Dia 5
B1: K2 INGENIERÍA S.A.S | F1: Versión N.07 2024-05-27 FOM303-32
B2: FORMATO DE CAMPO MONITOREO ANALIZADORES AUTOMÁTICOS
A7: PROYECTO: | B7: {='Dia 1'!B7:B7} -> AEROCIVIL | D7: MUNICIPIO: | E7: {='Dia 1'!E7:E7} -> Bogotá DC
A8: ESTACION DE MUESTREO: | B8: {='Dia 1'!B8:B8} -> CA4 Funza | D8: DEPARTAMENTO: | E8: {='Dia 1'!E8:E8} -> Distrito Capital
A9: COORDENADA NORTE: | B9: {='Dia 1'!B9:B9} -> 2078871.8 | D9: COORDENADA OESTE: | E9: {='Dia 1'!E9:E9} -> -4870008.2
A10: RESPONSABLE DEL MUESTREO | B10: {='Dia 1'!B10:B10} -> Leonardo Pérez | D10: ALTURA MSNM: | E10: {='Dia 1'!E10:E10} -> 2550
A11: FECHA INICIO: | B11: {='Dia 1'!B11:B11} -> 45992 | D11: HORA INICIO: | E11: {='Dia 1'!E11:E11} -> 0
A12: FECHA FINAL: | B12: {='Dia 1'!B12:B12} -> 46022 | D12: HORA FINAL: | E12: {='Dia 1'!E12:E12} -> 0.95833333
B15: REGISTRO DE LA TEMPERATURA DEL SHELTER HORARIA PARA DETERMINAR DS T°C
B17: PERIODO DE 24 HORAS DESDE LA HORA 0 | C17: REGISTRO DE LA TEMPERATURA DEL SHELTER DE FORMA HORARIO
B21: 0 | C21: 22.601 | D21: 22.601
B22: 1 | C22: 22.512 | D22: 22.512
B23: 2 | C23: 22.462 | D23: 22.462
B24: 3 | C24: 22.501 | D24: 22.501
B25: 4 | C25: 22.466 | D25: 22.466
B26: 5 | C26: 23.008 | D26: 23.008
B27: 6 | C27: 23.166 | D27: 23.166
B28: 7 | C28: 22.614 | D28: 22.614
B29: 8 | C29: 21.595 | D29: 21.595
B30: 9 | C30: 21.573 | D30: 21.573
B31: 10 | C31: 22.096 | D31: 22.096
B32: 11 | C32: 22.299 | D32: 22.299
... B44: 23 | C44: 23.107 | D44: 23.107
B45: 24
B46: PROMEDIO TOTAL T°C | C46: =AVERAGE(C22:C45) -> 22.754348
B47: (DESVIACIÓN ESTÁNDAR) DS T°C | C47: =_xlfn.STDEV.S(C21:C45) -> 0.63696676 | D47: <2.5
B48: VERIFICACIÓN | C48: =IF(ABS(C47)>=2.5,"NO CUMPLE CON DS T°C DEL SHELTER"," CUMPLE CON DS T°C DEL SHELTER") -> CUMPLE CON DS T°C DEL SHELTER

Sheet Dia 6
B1: K2 INGENIERÍA S.A.S | F1: Versión N.07 2024-05-27 FOM303-32
B2: FORMATO DE CAMPO MONITOREO ANALIZADORES AUTOMÁTICOS
A7: PROYECTO: | B7: {='Dia 1'!B7:B7} -> AEROCIVIL | D7: MUNICIPIO: | E7: {='Dia 1'!E7:E7} -> Bogotá DC
A8: ESTACION DE MUESTREO: | B8: {='Dia 1'!B8:B8} -> CA4 Funza | D8: DEPARTAMENTO: | E8: {='Dia 1'!E8:E8} -> Distrito Capital
A9: COORDENADA NORTE: | B9: {='Dia 1'!B9:B9} -> 2078871.8 | D9: COORDENADA OESTE: | E9: {='Dia 1'!E9:E9} -> -4870008.2
A10: RESPONSABLE DEL MUESTREO | B10: {='Dia 1'!B10:B10} -> Leonardo Pérez | D10: ALTURA MSNM: | E10: {='Dia 1'!E10:E10} -> 2550
A11: FECHA INICIO: | B11: {='Dia 1'!B11:B11} -> 45992 | D11: HORA INICIO: | E11: {='Dia 1'!E11:E11} -> 0
A12: FECHA FINAL: | B12: {='Dia 1'!B12:B12} -> 46022 | D12: HORA FINAL: | E12: 0.95833333
B15: REGISTRO DE LA TEMPERATURA DEL SHELTER HORARIA PARA DETERMINAR DS T°C
B17: PERIODO DE 24 HORAS DESDE LA HORA 0 | C17: REGISTRO DE LA TEMPERATURA DEL SHELTER DE FORMA HORARIO
B21: 0 | C21: 23.418 | D21: 23.418
B22: 1 | C22: 22.916 | D22: 22.916
B23: 2 | C23: 23.251 | D23: 23.251
B24: 3 | C24: 23.075 | D24: 23.075
B25: 4 | C25: 22.953 | D25: 22.953
B26: 5 | C26: 23.06 | D26: 23.06
B27: 6 | C27: 23.086 | D27: 23.086
B28: 7 | C28: 23.296 | D28: 23.296
B29: 8 | C29: 22.331 | D29: 22.331
B30: 9 | C30: 22.61 | D30: 22.61
B31: 10 | C31: 24.258 | D31: 24.258
B32: 11 | C32: 24.327 | D32: 24.327
... B44: 23 | C44: 23.769 | D44: 23.769
B45: 24
B46: PROMEDIO TOTAL T°C | C46: =AVERAGE(C22:C45) -> 23.209087
B47: (DESVIACIÓN ESTÁNDAR) DS T°C | C47: =_xlfn.STDEV.S(C21:C45) -> 0.64248898 | D47: <2.5
B48: VERIFICACIÓN | C48: =IF(ABS(C47)>=2.5,"NO CUMPLE CON DS T°C DEL SHELTER"," CUMPLE CON DS T°C DEL SHELTER") -> CUMPLE CON DS T°C DEL SHELTER

Sheet Dia 7
B1: K2 INGENIERÍA S.A.S | F1: Versión N.07 2024-05-27 FOM303-32
B2: FORMATO DE CAMPO MONITOREO ANALIZADORES AUTOMÁTICOS
A7: PROYECTO: | B7: {='Dia 1'!B7:B7} -> AEROCIVIL | D7: MUNICIPIO: | E7: {='Dia 1'!E7:E7} -> Bogotá DC
A8: ESTACION DE MUESTREO: | B8: {='Dia 1'!B8:B8} -> CA4 Funza | D8: DEPARTAMENTO: | E8: {='Dia 1'!E8:E8} -> Distrito Capital
A9: COORDENADA NORTE: | B9: {='Dia 1'!B9:B9} -> 2078871.8 | D9: COORDENADA OESTE: | E9: {='Dia 1'!E9:E9} -> -4870008.2
A10: RESPONSABLE DEL MUESTREO | B10: {='Dia 1'!B10:B10} -> Leonardo Pérez | D10: ALTURA MSNM: | E10: {='Dia 1'!E10:E10} -> 2550
A11: FECHA INICIO: | B11: {='Dia 1'!B11:B11} -> 45992 | D11: HORA INICIO: | E11: {='Dia 1'!E11:E11} -> 0
A12: FECHA FINAL: | B12: {='Dia 1'!B12:B12} -> 46022 | D12: HORA FINAL: | E12: {='Dia 1'!E12:E12} -> 0.95833333
B15: REGISTRO DE LA TEMPERATURA DEL SHELTER HORARIA PARA DETERMINAR DS T°C
B17: PERIODO DE 24 HORAS DESDE LA HORA 0 | C17: REGISTRO DE LA TEMPERATURA DEL SHELTER DE FORMA HORARIO
B21: 0 | C21: 23.131 | D21: 23.131
B22: 1 | C22: 23.225 | D22: 23.225
B23: 2 | C23: 23.158 | D23: 23.158
B24: 3 | C24: 23.39 | D24: 23.39
B25: 4 | C25: 23.561 | D25: 23.561
B26: 5 | C26: 23.518 | D26: 23.518
B27: 6 | C27: 23.614 | D27: 23.614
B28: 7 | C28: 23.897 | D28: 23.897
B29: 8 | C29: 22.847 | D29: 22.847
B30: 9 | C30: 22.573 | D30: 22.573
B31: 10 | C31: 22.379 | D31: 22.379
B32: 11 | C32: 24.106 | D32: 24.106
... B44: 23 | C44: 22.647 | D44: 22.647
B45: 24
B46: PROMEDIO TOTAL T°C | C46: =AVERAGE(C22:C45) -> 23.342043
B47: (DESVIACIÓN ESTÁNDAR) DS T°C | C47: =_xlfn.STDEV.S(C21:C45) -> 0.6569434 | D47: <2.5
B48: VERIFICACIÓN | C48: =IF(ABS(C47)>=2.5,"NO CUMPLE CON DS T°C DEL SHELTER"," CUMPLE CON DS T°C DEL SHELTER") -> CUMPLE CON DS T°C DEL SHELTER

Sheet Dia 8
B1: K2 INGENIERÍA S.A.S | F1: Versión N.07 2024-05-27 FOM303-32
B2: FORMATO DE CAMPO MONITOREO ANALIZADORES AUTOMÁTICOS
A7: PROYECTO: | B7: {='Dia 1'!B7:B7} -> AEROCIVIL | D7: MUNICIPIO: | E7: {='Dia 1'!E7:E7} -> Bogotá DC
A8: ESTACION DE MUESTREO: | B8: {='Dia 1'!B8:B8} -> CA4 Funza | D8: DEPARTAMENTO: | E8: {='Dia 1'!E8:E8} -> Distrito Capital
A9: COORDENADA NORTE: | B9: {='Dia 1'!B9:B9} -> 2078871.8 | D9: COORDENADA OESTE: | E9: {='Dia 1'!E9:E9} -> -4870008.2
A10: RESPONSABLE DEL MUESTREO | B10: {='Dia 1'!B10:B10} -> Leonardo Pérez | D10: ALTURA MSNM: | E10: {='Dia 1'!E10:E10} -> 2550
A11: FECHA INICIO: | B11: {='Dia 1'!B11:B11} -> 45992 | D11: HORA INICIO: | E11: {='Dia 1'!E11:E11} -> 0
A12: FECHA FINAL: | B12: {='Dia 1'!B12:B12} -> 46022 | D12: HORA FINAL: | E12: {='Dia 1'!E12:E12} -> 0.95833333
B15: REGISTRO DE LA TEMPERATURA DEL SHELTER HORARIA PARA DETERMINAR DS T°C
B17: PERIODO DE 24 HORAS DESDE LA HORA 0 | C17: REGISTRO DE LA TEMPERATURA DEL SHELTER DE FORMA HORARIO
B21: 0 | C21: 22.923 | D21: 22.923
B22: 1 | C22: 22.356 | D22: 22.356
B23: 2 | C23: 21.603 | D23: 21.603
B24: 3 | C24: 21.006 | D24: 21.006
B25: 4 | C25: 20.878 | D25: 20.878
B26: 5 | C26: 21.416 | D26: 21.416
B27: 6 | C27: 21.573 | D27: 21.573
B28: 7 | C28: 23.097 | D28: 23.097
B29: 8 | C29: 23.114 | D29: 23.114
B30: 9 | C30: 22.653 | D30: 22.653
B31: 10 | C31: 22.306 | D31: 22.306
B32: 11 | C32: 23.225 | D32: 23.225
... B44: 23 | C44: 23.119 | D44: 23.119
B45: 24
B46: PROMEDIO TOTAL T°C | C46: =AVERAGE(C22:C45) -> 22.92013
B47: (DESVIACIÓN ESTÁNDAR) DS T°C | C47: =_xlfn.STDEV.S(C21:C45) -> 1.0357996 | D47: <2.5
B48: VERIFICACIÓN | C48: =IF(ABS(C47)>=2.5,"NO CUMPLE CON DS T°C DEL SHELTER"," CUMPLE CON DS T°C DEL SHELTER") -> CUMPLE CON DS T°C DEL SHELTER

Sheet Dia 9
B1: K2 INGENIERÍA S.A.S | F1: Versión N.07 2024-05-27 FOM303-32
B2: FORMATO DE CAMPO MONITOREO ANALIZADORES AUTOMÁTICOS
A7: PROYECTO: | B7: {='Dia 1'!B7:B7} -> AEROCIVIL | D7: MUNICIPIO: | E7: {='Dia 1'!E7:E7} -> Bogotá DC
A8: ESTACION DE MUESTREO: | B8: {='Dia 1'!B8:B8} -> CA4 Funza | D8: DEPARTAMENTO: | E8: {='Dia 1'!E8:E8} -> Distrito Capital
A9: COORDENADA NORTE: | B9: {='Dia 1'!B9:B9} -> 2078871.8 | D9: COORDENADA OESTE: | E9: {='Dia 1'!E9:E9} -> -4870008.2
A10: RESPONSABLE DEL MUESTREO | B10: {='Dia 1'!B10:B10} -> Leonardo Pérez | D10: ALTURA MSNM: | E10: {='Dia 1'!E10:E10} -> 2550
A11: FECHA INICIO: | B11: {='Dia 1'!B11:B11} -> 45992 | D11: HORA INICIO: | E11: {='Dia 1'!E11:E11} -> 0
A12: FECHA FINAL: | B12: {='Dia 1'!B12:B12} -> 46022 | D12: HORA FINAL: | E12: {='Dia 1'!E12:E12} -> 0.95833333
B15: REGISTRO DE LA TEMPERATURA DEL SHELTER HORARIA PARA DETERMINAR DS T°C
B17: PERIODO DE 24 HORAS DESDE LA HORA 0 | C17: REGISTRO DE LA TEMPERATURA DEL SHELTER DE FORMA HORARIO
B21: 0 | C21: 22.599 | D21: 22.599
B22: 1 | C22: 22.646 | D22: 22.646
B23: 2 | C23: 22.544 | D23: 22.544
B24: 3 | C24: 21.91 | D24: 21.91
B25: 4 | C25: 21.754 | D25: 21.754
B26: 5 | C26: 21.51 | D26: 21.51
B27: 6 | C27: 21.836 | D27: 21.836
B28: 7 | C28: 23.386 | D28: 23.386
B29: 8 | C29: 22.723 | D29: 22.723
B30: 9 | C30: 22.292 | D30: 22.292
B31: 10 | C31: 23.097 | D31: 23.097
B32: 11 | C32: 22.353 | D32: 22.353
... B44: 23 | C44: 22.901 | D44: 22.901
B45: 24
B46: PROMEDIO TOTAL T°C | C46: =AVERAGE(C22:C45) -> 22.635
B47: (DESVIACIÓN ESTÁNDAR) DS T°C | C47: =_xlfn.STDEV.S(C21:C45) -> 0.62955326 | D47: <2.5
B48: VERIFICACIÓN | C48: =IF(ABS(C47)>=2.5,"NO CUMPLE CON DS T°C DEL SHELTER"," CUMPLE CON DS T°C DEL SHELTER") -> CUMPLE CON DS T°C DEL SHELTER

Sheet Dia 10
B1: K2 INGENIERÍA S.A.S | F1: Versión N.07 2024-05-27 FOM303-32
B2: FORMATO DE CAMPO MONITOREO ANALIZADORES AUTOMÁTICOS
A7: PROYECTO: | B7: {='Dia 1'!B7:B7} -> AEROCIVIL | D7: MUNICIPIO: | E7: {='Dia 1'!E7:E7} -> Bogotá DC
A8: ESTACION DE MUESTREO: | B8: {='Dia 1'!B8:B8} -> CA4 Funza | D8: DEPARTAMENTO: | E8: {='Dia 1'!E8:E8} -> Distrito Capital
A9: COORDENADA NORTE: | B9: {='Dia 1'!B9:B9} -> 2078871.8 | D9: COORDENADA OESTE: | E9: {='Dia 1'!E9:E9} -> -4870008.2
A10: RESPONSABLE DEL MUESTREO | B10: {='Dia 1'!B10:B10} -> Leonardo Pérez | D10: ALTURA MSNM: | E10: {='Dia 1'!E10:E10} -> 2550
A11: FECHA INICIO: | B11: {='Dia 1'!B11:B11} -> 45992 | D11: HORA INICIO: | E11: {='Dia 1'!E11:E11} -> 0
A12: FECHA FINAL: | B12: {='Dia 1'!B12:B12} -> 46022 | D12: HORA FINAL: | E12: {='Dia 1'!E12:E12} -> 0.95833333
B15: REGISTRO DE LA TEMPERATURA DEL SHELTER HORARIA PARA DETERMINAR DS T°C
B17: PERIODO DE 24 HORAS DESDE LA HORA 0 | C17: REGISTRO DE LA TEMPERATURA DEL SHELTER DE FORMA HORARIO
B21: 0 | C21: 22.738 | D21: 22.738
B22: 1 | C22: 23.025 | D22: 23.025
B23: 2 | C23: 23.407 | D23: 23.407
B24: 3 | C24: 23.053 | D24: 23.053
B25: 4 | C25: 22.488 | D25: 22.488
B26: 5 | C26: 22.475 | D26: 22.475
B27: 6 | C27: 22.877 | D27: 22.877
B28: 7 | C28: 23.621 | D28: 23.621
B29: 8 | C29: 22.525 | D29: 22.525
B30: 9 | C30: 23.338 | D30: 23.338
B31: 10 | C31: 24.228 | D31: 24.228
B32: 11 | C32: 22.262 | D32: 22.262
... B44: 23 | C44: 21.427 | D44: 21.427
B45: 24
B46: PROMEDIO TOTAL T°C | C46: =AVERAGE(C22:C45) -> 22.882652
B47: (DESVIACIÓN ESTÁNDAR) DS T°C | C47: =_xlfn.STDEV.S(C21:C45) -> 0.66299163 | D47: <2.5
B48: VERIFICACIÓN | C48: =IF(ABS(C47)>=2.5,"NO CUMPLE CON DS T°C DEL SHELTER"," CUMPLE CON DS T°C DEL SHELTER") -> CUMPLE CON DS T°C DEL SHELTER

Sheet Dia 11
B1: K2 INGENIERÍA S.A.S | F1: Versión N.07 2024-05-27 FOM303-32
B2: FORMATO DE CAMPO MONITOREO ANALIZADORES AUTOMÁTICOS
A7: PROYECTO: | B7: {='Dia 1'!B7:B7} -> AEROCIVIL | D7: MUNICIPIO: | E7: {='Dia 1'!E7:E7} -> Bogotá DC
A8: ESTACION DE MUESTREO: | B8: {='Dia 1'!B8:B8} -> CA4 Funza | D8: DEPARTAMENTO: | E8: {='Dia 1'!E8:E8} -> Distrito Capital
A9: COORDENADA NORTE: | B9: {='Dia 1'!B9:B9} -> 2078871.8 | D9: COORDENADA OESTE: | E9: {='Dia 1'!E9:E9} -> -4870008.2
A10: RESPONSABLE DEL MUESTREO | B10: {='Dia 1'!B10:B10} -> Leonardo Pérez | D10: ALTURA MSNM: | E10: {='Dia 1'!E10:E10} -> 2550
A11: FECHA INICIO: | B11: {='Dia 1'!B11:B11} -> 45992 | D11: HORA INICIO: | E11: {='Dia 1'!E11:E11} -> 0
A12: FECHA FINAL: | B12: {='Dia 1'!B12:B12} -> 46022 | D12: HORA FINAL: | E12: {='Dia 1'!E12:E12} -> 0.95833333
B15: REGISTRO DE LA TEMPERATURA DEL SHELTER HORARIA PARA DETERMINAR DS T°C
B17: PERIODO DE 24 HORAS DESDE LA HORA 0 | C17: REGISTRO DE LA TEMPERATURA DEL SHELTER DE FORMA HORARIO
B21: 0 | C21: 22.662 | D21: 22.662
B22: 1 | C22: 21.757 | D22: 21.757
B23: 2 | C23: 20.875 | D23: 20.875
B24: 3 | C24: 20.36 | D24: 20.36
B25: 4 | C25: 20.327 | D25: 20.327
B26: 5 | C26: 20.242 | D26: 20.242
B27: 6 | C27: 21.857 | D27: 21.857
B28: 7 | C28: 24.298 | D28: 24.298
B29: 8 | C29: 23.21 | D29: 23.21
B30: 9 | C30: 24.251 | D30: 24.251
B31: 10 | C31: 24.342 | D31: 24.342
B32: 11 | C32: 24.492 | D32: 24.492
... B44: 23 | C44: 23.449 | D44: 23.449
B45: 24
B46: PROMEDIO TOTAL T°C | C46: =AVERAGE(C22:C45) -> 23.177565
B47: (DESVIACIÓN ESTÁNDAR) DS T°C | C47: =_xlfn.STDEV.S(C21:C45) -> 1.4422742 | D47: <2.5
B48: VERIFICACIÓN | C48: =IF(ABS(C47)>=2.5,"NO CUMPLE CON DS T°C DEL SHELTER"," CUMPLE CON DS T°C DEL SHELTER") -> CUMPLE CON DS T°C DEL SHELTER

Sheet Dia 12
B1: K2 INGENIERÍA S.A.S | F1: Versión N.07 2024-05-27 FOM303-32
B2: FORMATO DE CAMPO MONITOREO ANALIZADORES AUTOMÁTICOS
A7: PROYECTO: | B7: {='Dia 1'!B7:B7} -> AEROCIVIL | D7: MUNICIPIO: | E7: {='Dia 1'!E7:E7} -> Bogotá DC
A8: ESTACION DE MUESTREO: | B8: {='Dia 1'!B8:B8} -> CA4 Funza | D8: DEPARTAMENTO: | E8: {='Dia 1'!E8:E8} -> Distrito Capital
A9: COORDENADA NORTE: | B9: {='Dia 1'!B9:B9} -> 2078871.8 | D9: COORDENADA OESTE: | E9: {='Dia 1'!E9:E9} -> -4870008.2
A10: RESPONSABLE DEL MUESTREO | B10: {='Dia 1'!B10:B10} -> Leonardo Pérez | D10: ALTURA MSNM: | E10: {='Dia 1'!E10:E10} -> 2550
A11: FECHA INICIO: | B11: {='Dia 1'!B11:B11} -> 45992 | D11: HORA INICIO: | E11: {='Dia 1'!E11:E11} -> 0
A12: FECHA FINAL: | B12: {='Dia 1'!B12:B12} -> 46022 | D12: HORA FINAL: | E12: {='Dia 1'!E12:E12} -> 0.95833333
B15: REGISTRO DE LA TEMPERATURA DEL SHELTER HORARIA PARA DETERMINAR DS T°C
B17: PERIODO DE 24 HORAS DESDE LA HORA 0 | C17: REGISTRO DE LA TEMPERATURA DEL SHELTER DE FORMA HORARIO
B21: 0 | C21: 23.971 | D21: 23.971
B22: 1 | C22: 24.349 | D22: 24.349
B23: 2 | C23: 24.575 | D23: 24.575
B24: 3 | C24: 24.68 | D24: 24.68
B25: 4 | C25: 24.36 | D25: 24.36
B26: 5 | C26: 24.121 | D26: 24.121
B27: 6 | C27: 24.464 | D27: 24.464
B28: 7 | C28: 24.425 | D28: 24.425
B29: 8 | C29: 23.779 | D29: 23.779
B30: 9 | C30: 24.112 | D30: 24.112
B31: 10 | C31: 23.621 | D31: 23.621
B32: 11 | C32: 24.114 | D32: 24.114
... B44: 23 | C44: 23.182 | D44: 23.182
B45: 24
B46: PROMEDIO TOTAL T°C | C46: =AVERAGE(C22:C45) -> 24.076391
B47: (DESVIACIÓN ESTÁNDAR) DS T°C | C47: =_xlfn.STDEV.S(C21:C45) -> 0.35996256 | D47: <2.5
B48: VERIFICACIÓN | C48: =IF(ABS(C47)>=2.5,"NO CUMPLE CON DS T°C DEL SHELTER"," CUMPLE CON DS T°C DEL SHELTER") -> CUMPLE CON DS T°C DEL SHELTER

Sheet Dia 13
B1: K2 INGENIERÍA S.A.S | F1: Versión N.07 2024-05-27 FOM303-32
B2: FORMATO DE CAMPO MONITOREO ANALIZADORES AUTOMÁTICOS
A7: PROYECTO: | B7: {='Dia 1'!B7:B7} -> AEROCIVIL | D7: MUNICIPIO: | E7: {='Dia 1'!E7:E7} -> Bogotá DC
A8: ESTACION DE MUESTREO: | B8: {='Dia 1'!B8:B8} -> CA4 Funza | D8: DEPARTAMENTO: | E8: {='Dia 1'!E8:E8} -> Distrito Capital
A9: COORDENADA NORTE: | B9: {='Dia 1'!B9:B9} -> 2078871.8 | D9: COORDENADA OESTE: | E9: {='Dia 1'!E9:E9} -> -4870008.2
A10: RESPONSABLE DEL MUESTREO | B10: {='Dia 1'!B10:B10} -> Leonardo Pérez | D10: ALTURA MSNM: | E10: {='Dia 1'!E10:E10} -> 2550
A11: FECHA INICIO: | B11: {='Dia 1'!B11:B11} -> 45992 | D11: HORA INICIO: | E11: {='Dia 1'!E11:E11} -> 0
A12: FECHA FINAL: | B12: {='Dia 1'!B12:B12} -> 46022 | D12: HORA FINAL: | E12: {='Dia 1'!E12:E12} -> 0.95833333
B15: REGISTRO DE LA TEMPERATURA DEL SHELTER HORARIA PARA DETERMINAR DS T°C
B17: PERIODO DE 24 HORAS DESDE LA HORA 0 | C17: REGISTRO DE LA TEMPERATURA DEL SHELTER DE FORMA HORARIO
B21: 0 | C21: 22.736 | D21: 22.736
B22: 1 | C22: 22.669 | D22: 22.669
B23: 2 | C23: 22.955 | D23: 22.955
B24: 3 | C24: 22.936 | D24: 22.936
B25: 4 | C25: 22.436 | D25: 22.436
B26: 5 | C26: 22.942 | D26: 22.942
B27: 6 | C27: 23.731 | D27: 23.731
B28: 7 | C28: 24.106 | D28: 24.106
B29: 8 | C29: 23.536 | D29: 23.536
B30: 9 | C30: 23.596 | D30: 23.596
B31: 10 | C31: 24.344 | D31: 24.344
B32: 11 | C32: 23.895 | D32: 23.895
... B44: 23 | C44: 24.379 | D44: 24.379
B45: 24
B46: PROMEDIO TOTAL T°C | C46: =AVERAGE(C22:C45) -> 23.826
B47: (DESVIACIÓN ESTÁNDAR) DS T°C | C47: =_xlfn.STDEV.S(C21:C45) -> 0.63880622 | D47: <2.5
B48: VERIFICACIÓN | C48: =IF(ABS(C47)>=2.5,"NO CUMPLE CON DS T°C DEL SHELTER"," CUMPLE CON DS T°C DEL SHELTER") -> CUMPLE CON DS T°C DEL SHELTER

Sheet Dia 14
B1: K2 INGENIERÍA S.A.S | F1: Versión N.07 2024-05-27 FOM303-32
B2: FORMATO DE CAMPO MONITOREO ANALIZADORES AUTOMÁTICOS
A7: PROYECTO: | B7: {='Dia 1'!B7:B7} -> AEROCIVIL | D7: MUNICIPIO: | E7: {='Dia 1'!E7:E7} -> Bogotá DC
A8: ESTACION DE MUESTREO: | B8: {='Dia 1'!B8:B8} -> CA4 Funza | D8: DEPARTAMENTO: | E8: {='Dia 1'!E8:E8} -> Distrito Capital
A9: COORDENADA NORTE: | B9: {='Dia 1'!B9:B9} -> 2078871.8 | D9: COORDENADA OESTE: | E9: {='Dia 1'!E9:E9} -> -4870008.2
A10: RESPONSABLE DEL MUESTREO | B10: {='Dia 1'!B10:B10} -> Leonardo Pérez | D10: ALTURA MSNM: | E10: {='Dia 1'!E10:E10} -> 2550
A11: FECHA INICIO: | B11: {='Dia 1'!B11:B11} -> 45992 | D11: HORA INICIO: | E11: {='Dia 1'!E11:E11} -> 0
A12: FECHA FINAL: | B12: {='Dia 1'!B12:B12} -> 46022 | D12: HORA FINAL: | E12: {='Dia 1'!E12:E12} -> 0.95833333
B15: REGISTRO DE LA TEMPERATURA DEL SHELTER HORARIA PARA DETERMINAR DS T°C
B17: PERIODO DE 24 HORAS DESDE LA HORA 0 | C17: REGISTRO DE LA TEMPERATURA DEL SHELTER DE FORMA HORARIO
B21: 0 | C21: 24.622 | D21: 24.622
B22: 1 | C22: 24.463 | D22: 24.463
B23: 2 | C23: 24.747 | D23: 24.747
B24: 3 | C24: 24.884 | D24: 24.884
B25: 4 | C25: 24.146 | D25: 24.146
B26: 5 | C26: 24.47 | D26: 24.47
B27: 6 | C27: 24.477 | D27: 24.477
B28: 7 | C28: 24.352 | D28: 24.352
B29: 8 | C29: 23.817 | D29: 23.817
B30: 9 | C30: 24.18 | D30: 24.18
B31: 10 | C31: 24.356 | D31: 24.356
B32: 11 | C32: 24.649 | D32: 24.649
... B44: 23 | C44: 24.247 | D44: 24.247
B45: 24
B46: PROMEDIO TOTAL T°C | C46: =AVERAGE(C22:C45) -> 24.226174
B47: (DESVIACIÓN ESTÁNDAR) DS T°C | C47: =_xlfn.STDEV.S(C21:C45) -> 0.49011442 | D47: <2.5
B48: VERIFICACIÓN | C48: =IF(ABS(C47)>=2.5,"NO CUMPLE CON DS T°C DEL SHELTER"," CUMPLE CON DS T°C DEL SHELTER") -> CUMPLE CON DS T°C DEL SHELTER

Sheet Dia 15
B1: K2 INGENIERÍA S.A.S | F1: Versión N.07 2024-05-27 FOM303-32
B2: FORMATO DE CAMPO MONITOREO ANALIZADORES AUTOMÁTICOS
A7: PROYECTO: | B7: {='Dia 1'!B7:B7} -> AEROCIVIL | D7: MUNICIPIO: | E7: {='Dia 1'!E7:E7} -> Bogotá DC
A8: ESTACION DE MUESTREO: | B8: {='Dia 1'!B8:B8} -> CA4 Funza | D8: DEPARTAMENTO: | E8: {='Dia 1'!E8:E8} -> Distrito Capital
A9: COORDENADA NORTE: | B9: {='Dia 1'!B9:B9} -> 2078871.8 | D9: COORDENADA OESTE: | E9: {='Dia 1'!E9:E9} -> -4870008.2
A10: RESPONSABLE DEL MUESTREO | B10: {='Dia 1'!B10:B10} -> Leonardo Pérez | D10: ALTURA MSNM: | E10: {='Dia 1'!E10:E10} -> 2550
A11: FECHA INICIO: | B11: {='Dia 1'!B11:B11} -> 45992 | D11: HORA INICIO: | E11: {='Dia 1'!E11:E11} -> 0
A12: FECHA FINAL: | B12: {='Dia 1'!B12:B12} -> 46022 | D12: HORA FINAL: | E12: {='Dia 1'!E12:E12} -> 0.95833333
B15: REGISTRO DE LA TEMPERATURA DEL SHELTER HORARIA PARA DETERMINAR DS T°C
B17: PERIODO DE 24 HORAS DESDE LA HORA 0 | C17: REGISTRO DE LA TEMPERATURA DEL SHELTER DE FORMA HORARIO
B21: 0 | C21: 24.317 | D21: 24.317
B22: 1 | C22: 24.405 | D22: 24.405
B23: 2 | C23: 24.705 | D23: 24.705
B24: 3 | C24: 23.938 | D24: 23.938
B25: 4 | C25: 22.925 | D25: 22.925
B26: 5 | C26: 22.153 | D26: 22.153
B27: 6 | C27: 22.136 | D27: 22.136
B28: 7 | C28: 24.002 | D28: 24.002
B29: 8 | C29: 23.709 | D29: 23.709
B30: 9 | C30: 23.346 | D30: 23.346
B31: 10 | C31: 23.827 | D31: 23.827
B32: 11 | C32: 24.378 | D32: 24.378
... B44: 23 | C44: 24.838 | D44: 24.838
B45: 24
B46: PROMEDIO TOTAL T°C | C46: =AVERAGE(C22:C45) -> 23.805609
B47: (DESVIACIÓN ESTÁNDAR) DS T°C | C47: =_xlfn.STDEV.S(C21:C45) -> 0.7320854 | D47: <2.5
B48: VERIFICACIÓN | C48: =IF(ABS(C47)>=2.5,"NO CUMPLE CON DS T°C DEL SHELTER"," CUMPLE CON DS T°C DEL SHELTER") -> CUMPLE CON DS T°C DEL SHELTER

Sheet Dia 16
B1: K2 INGENIERÍA S.A.S | F1: Versión N.07 2024-05-27 FOM303-32
B2: FORMATO DE CAMPO MONITOREO ANALIZADORES AUTOMÁTICOS
A7: PROYECTO: | B7: {='Dia 1'!B7:B7} -> AEROCIVIL | D7: MUNICIPIO: | E7: {='Dia 1'!E7:E7} -> Bogotá DC
A8: ESTACION DE MUESTREO: | B8: {='Dia 1'!B8:B8} -> CA4 Funza | D8: DEPARTAMENTO: | E8: {='Dia 1'!E8:E8} -> Distrito Capital
A9: COORDENADA NORTE: | B9: {='Dia 1'!B9:B9} -> 2078871.8 | D9: COORDENADA OESTE: | E9: {='Dia 1'!E9:E9} -> -4870008.2
A10: RESPONSABLE DEL MUESTREO | B10: {='Dia 1'!B10:B10} -> Leonardo Pérez | D10: ALTURA MSNM: | E10: {='Dia 1'!E10:E10} -> 2550
A11: FECHA INICIO: | B11: {='Dia 1'!B11:B11} -> 45992 | D11: HORA INICIO: | E11: {='Dia 1'!E11:E11} -> 0
A12: FECHA FINAL: | B12: {='Dia 1'!B12:B12} -> 46022 | D12: HORA FINAL: | E12: {='Dia 1'!E12:E12} -> 0.95833333
B15: REGISTRO DE LA TEMPERATURA DEL SHELTER HORARIA PARA DETERMINAR DS T°C
B17: PERIODO DE 24 HORAS DESDE LA HORA 0 | C17: REGISTRO DE LA TEMPERATURA DEL SHELTER DE FORMA HORARIO
B21: 0 | C21: 24.681 | D21: 24.681
B22: 1 | C22: 24.097 | D22: 24.097
B23: 2 | C23: 23.212 | D23: 23.212
B24: 3 | C24: 23.344 | D24: 23.344
B25: 4 | C25: 23.281 | D25: 23.281
B26: 5 | C26: 22.898 | D26: 22.898
B27: 6 | C27: 23.043 | D27: 23.043
B28: 7 | C28: 23.86 | D28: 23.86
B29: 8 | C29: 24.352 | D29: 24.352
B30: 9 | C30: 24.258 | D30: 24.258
B31: 10 | C31: 24.034 | D31: 24.034
B32: 11 | C32: 23.277 | D32: 23.277
... B44: 23 | C44: 23.569 | D44: 23.569
B45: 24
B46: PROMEDIO TOTAL T°C | C46: =AVERAGE(C22:C45) -> 23.747609
B47: (DESVIACIÓN ESTÁNDAR) DS T°C | C47: =_xlfn.STDEV.S(C21:C45) -> 0.53872942 | D47: <2.5
B48: VERIFICACIÓN | C48: =IF(ABS(C47)>=2.5,"NO CUMPLE CON DS T°C DEL SHELTER"," CUMPLE CON DS T°C DEL SHELTER") -> CUMPLE CON DS T°C DEL SHELTER

Sheet Dia 17
B1: K2 INGENIERÍA S.A.S | F1: Versión N.07 2024-05-27 FOM303-32
B2: FORMATO DE CAMPO MONITOREO ANALIZADORES AUTOMÁTICOS
A7: PROYECTO: | B7: {='Dia 1'!B7:B7} -> AEROCIVIL | D7: MUNICIPIO: | E7: {='Dia 1'!E7:E7} -> Bogotá DC
A8: ESTACION DE MUESTREO: | B8: {='Dia 1'!B8:B8} -> CA4 Funza | D8: DEPARTAMENTO: | E8: {='Dia 1'!E8:E8} -> Distrito Capital
A9: COORDENADA NORTE: | B9: {='Dia 1'!B9:B9} -> 2078871.8 | D9: COORDENADA OESTE: | E9: {='Dia 1'!E9:E9} -> -4870008.2
A10: RESPONSABLE DEL MUESTREO | B10: {='Dia 1'!B10:B10} -> Leonardo Pérez | D10: ALTURA MSNM: | E10: {='Dia 1'!E10:E10} -> 2550
A11: FECHA INICIO: | B11: {='Dia 1'!B11:B11} -> 45992 | D11: HORA INICIO: | E11: {='Dia 1'!E11:E11} -> 0
A12: FECHA FINAL: | B12: {='Dia 1'!B12:B12} -> 46022 | D12: HORA FINAL: | E12: {='Dia 1'!E12:E12} -> 0.95833333
B15: REGISTRO DE LA TEMPERATURA DEL SHELTER HORARIA PARA DETERMINAR DS T°C
B17: PERIODO DE 24 HORAS DESDE LA HORA 0 | C17: REGISTRO DE LA TEMPERATURA DEL SHELTER DE FORMA HORARIO
B21: 0 | C21: 23.127 | D21: 23.127
B22: 1 | C22: 22.203 | D22: 22.203
B23: 2 | C23: 21.305 | D23: 21.305
B24: 3 | C24: 20.658 | D24: 20.658
B25: 4 | C25: 20.556 | D25: 20.556
B26: 5 | C26: 20.715 | D26: 20.715
B27: 6 | C27: 20.93 | D27: 20.93
B28: 7 | C28: 24.306 | D28: 24.306
B29: 8 | C29: 23.715 | D29: 23.715
B30: 9 | C30: 24.323 | D30: 24.323
B31: 10 | C31: 24.252 | D31: 24.252
B32: 11 | C32: 24.322 | D32: 24.322
... B44: 23 | C44: 24.667 | D44: 24.667
B45: 24
B46: PROMEDIO TOTAL T°C | C46: =AVERAGE(C22:C45) -> 23.392913
B47: (DESVIACIÓN ESTÁNDAR) DS T°C | C47: =_xlfn.STDEV.S(C21:C45) -> 1.4395069 | D47: <2.5
B48: VERIFICACIÓN | C48: =IF(ABS(C47)>=2.5,"NO CUMPLE CON DS T°C DEL SHELTER"," CUMPLE CON DS T°C DEL SHELTER") -> CUMPLE CON DS T°C DEL SHELTER

Sheet Dia 18
B1: K2 INGENIERÍA S.A.S | F1: Versión N.07 2024-05-27 FOM303-32
B2: FORMATO DE CAMPO MONITOREO ANALIZADORES AUTOMÁTICOS
A7: PROYECTO: | B7: {='Dia 1'!B7:B7} -> AEROCIVIL | D7: MUNICIPIO: | E7: {='Dia 1'!E7:E7} -> Bogotá DC
A8: ESTACION DE MUESTREO: | B8: {='Dia 1'!B8:B8} -> CA4 Funza | D8: DEPARTAMENTO: | E8: {='Dia 1'!E8:E8} -> Distrito Capital
A9: COORDENADA NORTE: | B9: {='Dia 1'!B9:B9} -> 2078871.8 | D9: COORDENADA OESTE: | E9: {='Dia 1'!E9:E9} -> -4870008.2
A10: RESPONSABLE DEL MUESTREO | B10: {='Dia 1'!B10:B10} -> Leonardo Pérez | D10: ALTURA MSNM: | E10: {='Dia 1'!E10:E10} -> 2550
A11: FECHA INICIO: | B11: {='Dia 1'!B11:B11} -> 45992 | D11: HORA INICIO: | E11: {='Dia 1'!E11:E11} -> 0
A12: FECHA FINAL: | B12: {='Dia 1'!B12:B12} -> 46022 | D12: HORA FINAL: | E12: {='Dia 1'!E12:E12} -> 0.95833333
B15: REGISTRO DE LA TEMPERATURA DEL SHELTER HORARIA PARA DETERMINAR DS T°C
B17: PERIODO DE 24 HORAS DESDE LA HORA 0 | C17: REGISTRO DE LA TEMPERATURA DEL SHELTER DE FORMA HORARIO
B21: 0 | C21: 24.482 | D21: 24.482
B22: 1 | C22: 23.631 | D22: 23.631
B23: 2 | C23: 22.645 | D23: 22.645
B24: 3 | C24: 21.51 | D24: 21.51
B25: 4 | C25: 20.582 | D25: 20.582
B26: 5 | C26: 20.302 | D26: 20.302
B27: 6 | C27: 21.391 | D27: 21.391
B28: 7 | C28: 24.291 | D28: 24.291
B29: 8 | C29: 23.197 | D29: 23.197
B30: 9 | C30: 24.106 | D30: 24.106
B31: 10 | C31: 24.377 | D31: 24.377
B32: 11 | C32: 24.571 | D32: 24.571
... B44: 23 | C44: 24.612 | D44: 24.612
B45: 24
B46: PROMEDIO TOTAL T°C | C46: =AVERAGE(C22:C45) -> 23.482304
B47: (DESVIACIÓN ESTÁNDAR) DS T°C | C47: =_xlfn.STDEV.S(C21:C45) -> 1.322365 | D47: <2.5
B48: VERIFICACIÓN | C48: =IF(ABS(C47)>=2.5,"NO CUMPLE CON DS T°C DEL SHELTER"," CUMPLE CON DS T°C DEL SHELTER") -> CUMPLE CON DS T°C DEL SHELTER

Sheet Dia 19
B1: K2 INGENIERÍA S.A.S | F1: Versión N.07 2024-05-27 FOM303-32
B2: FORMATO DE CAMPO MONITOREO ANALIZADORES AUTOMÁTICOS
A7: PROYECTO: | B7: {='Dia 1'!B7:B7} -> AEROCIVIL | D7: MUNICIPIO: | E7: {='Dia 1'!E7:E7} -> Bogotá DC
A8: ESTACION DE MUESTREO: | B8: {='Dia 1'!B8:B8} -> CA4 Funza | D8: DEPARTAMENTO: | E8: {='Dia 1'!E8:E8} -> Distrito Capital
A9: COORDENADA NORTE: | B9: {='Dia 1'!B9:B9} -> 2078871.8 | D9: COORDENADA OESTE: | E9: {='Dia 1'!E9:E9} -> -4870008.2
A10: RESPONSABLE DEL MUESTREO | B10: {='Dia 1'!B10:B10} -> Leonardo Pérez | D10: ALTURA MSNM: | E10: {='Dia 1'!E10:E10} -> 2550
A11: FECHA INICIO: | B11: {='Dia 1'!B11:B11} -> 45992 | D11: HORA INICIO: | E11: {='Dia 1'!E11:E11} -> 0
A12: FECHA FINAL: | B12: {='Dia 1'!B12:B12} -> 46022 | D12: HORA FINAL: | E12: {='Dia 1'!E12:E12} -> 0.95833333
B15: REGISTRO DE LA TEMPERATURA DEL SHELTER HORARIA PARA DETERMINAR DS T°C
B17: PERIODO DE 24 HORAS DESDE LA HORA 0 | C17: REGISTRO DE LA TEMPERATURA DEL SHELTER DE FORMA HORARIO
B21: 0 | C21: 24.706 | D21: 24.706
B22: 1 | C22: 24.421 | D22: 24.421
B23: 2 | C23: 23.664 | D23: 23.664
B24: 3 | C24: 23.066 | D24: 23.066
B25: 4 | C25: 22.684 | D25: 22.684
B26: 5 | C26: 22.366 | D26: 22.366
B27: 6 | C27: 22.729 | D27: 22.729
B28: 7 | C28: 23.98 | D28: 23.98
B29: 8 | C29: 23.343 | D29: 23.343
B30: 9 | C30: 23.699 | D30: 23.699
B31: 10 | C31: 23.371 | D31: 23.371
B32: 11 | C32: 23.445 | D32: 23.445
... B44: 23 | C44: 24.803 | D44: 24.803
B45: 24
B46: PROMEDIO TOTAL T°C | C46: =AVERAGE(C22:C45) -> 23.733913
B47: (DESVIACIÓN ESTÁNDAR) DS T°C | C47: =_xlfn.STDEV.S(C21:C45) -> 0.67183745 | D47: <2.5
B48: VERIFICACIÓN | C48: =IF(ABS(C47)>=2.5,"NO CUMPLE CON DS T°C DEL SHELTER"," CUMPLE CON DS T°C DEL SHELTER") -> CUMPLE CON DS T°C DEL SHELTER

Sheet Dia 20
B1: K2 INGENIERÍA S.A.S | F1: Versión N.07 2024-05-27 FOM303-32
B2: FORMATO DE CAMPO MONITOREO ANALIZADORES AUTOMÁTICOS
A7: PROYECTO: | B7: {='Dia 1'!B7:B7} -> AEROCIVIL | D7: MUNICIPIO: | E7: {='Dia 1'!E7:E7} -> Bogotá DC
A8: ESTACION DE MUESTREO: | B8: {='Dia 1'!B8:B8} -> CA4 Funza | D8: DEPARTAMENTO: | E8: {='Dia 1'!E8:E8} -> Distrito Capital
A9: COORDENADA NORTE: | B9: {='Dia 1'!B9:B9} -> 2078871.8 | D9: COORDENADA OESTE: | E9: {='Dia 1'!E9:E9} -> -4870008.2
A10: RESPONSABLE DEL MUESTREO | B10: {='Dia 1'!B10:B10} -> Leonardo Pérez | D10: ALTURA MSNM: | E10: {='Dia 1'!E10:E10} -> 2550
A11: FECHA INICIO: | B11: {='Dia 1'!B11:B11} -> 45992 | D11: HORA INICIO: | E11: {='Dia 1'!E11:E11} -> 0
A12: FECHA FINAL: | B12: {='Dia 1'!B12:B12} -> 46022 | D12: HORA FINAL: | E12: {='Dia 1'!E12:E12} -> 0.95833333
B15: REGISTRO DE LA TEMPERATURA DEL SHELTER HORARIA PARA DETERMINAR DS T°C
B17: PERIODO DE 24 HORAS DESDE LA HORA 0 | C17: REGISTRO DE LA TEMPERATURA DEL SHELTER DE FORMA HORARIO
B21: 0 | C21: 24.946 | D21: 24.946
B22: 1 | C22: 24.56 | D22: 24.56
B23: 2 | C23: 24.244 | D23: 24.244
B24: 3 | C24: 24.39 | D24: 24.39
B25: 4 | C25: 24.716 | D25: 24.716
B26: 5 | C26: 24.088 | D26: 24.088
B27: 6 | C27: 23.912 | D27: 23.912
B28: 7 | C28: 24.092 | D28: 24.092
B29: 8 | C29: 23.044 | D29: 23.044
B30: 9 | C30: 24.121 | D30: 24.121
B31: 10 | C31: 23.699 | D31: 23.699
B32: 11 | C32: 23.11 | D32: 23.11
... B44: 23 | C44: 24.307 | D44: 24.307
B45: 24
B46: PROMEDIO TOTAL T°C | C46: =AVERAGE(C22:C45) -> 23.964261
B47: (DESVIACIÓN ESTÁNDAR) DS T°C | C47: =_xlfn.STDEV.S(C21:C45) -> 0.49768775 | D47: <2.5
B48: VERIFICACIÓN | C48: =IF(ABS(C47)>=2.5,"NO CUMPLE CON DS T°C DEL SHELTER"," CUMPLE CON DS T°C DEL SHELTER") -> CUMPLE CON DS T°C DEL SHELTER

Sheet Dia 21
B1: K2 INGENIERÍA S.A.S | F1: Versión N.07 2024-05-27 FOM303-32
B2: FORMATO DE CAMPO MONITOREO ANALIZADORES AUTOMÁTICOS
A7: PROYECTO: | B7: {='Dia 1'!B7:B7} -> AEROCIVIL | D7: MUNICIPIO: | E7: {='Dia 1'!E7:E7} -> Bogotá DC
A8: ESTACION DE MUESTREO: | B8: {='Dia 1'!B8:B8} -> CA4 Funza | D8: DEPARTAMENTO: | E8: {='Dia 1'!E8:E8} -> Distrito Capital
A9: COORDENADA NORTE: | B9: {='Dia 1'!B9:B9} -> 2078871.8 | D9: COORDENADA OESTE: | E9: {='Dia 1'!E9:E9} -> -4870008.2
A10: RESPONSABLE DEL MUESTREO | B10: {='Dia 1'!B10:B10} -> Leonardo Pérez | D10: ALTURA MSNM: | E10: {='Dia 1'!E10:E10} -> 2550
A11: FECHA INICIO: | B11: {='Dia 1'!B11:B11} -> 45992 | D11: HORA INICIO: | E11: {='Dia 1'!E11:E11} -> 0
A12: FECHA FINAL: | B12: {='Dia 1'!B12:B12} -> 46022 | D12: HORA FINAL: | E12: {='Dia 1'!E12:E12} -> 0.95833333
B15: REGISTRO DE LA TEMPERATURA DEL SHELTER HORARIA PARA DETERMINAR DS T°C
B17: PERIODO DE 24 HORAS DESDE LA HORA 0 | C17: REGISTRO DE LA TEMPERATURA DEL SHELTER DE FORMA HORARIO
B21: 0 | C21: 23.623 | D21: 23.623
B22: 1 | C22: 22.795 | D22: 22.795
B23: 2 | C23: 21.644 | D23: 21.644
B24: 3 | C24: 20.821 | D24: 20.821
B25: 4 | C25: 20.584 | D25: 20.584
B26: 5 | C26: 20.338 | D26: 20.338
B27: 6 | C27: 20.612 | D27: 20.612
B28: 7 | C28: 23.776 | D28: 23.776
B29: 8 | C29: 23.673 | D29: 23.673
B30: 9 | C30: 22.964 | D30: 22.964
B31: 10 | C31: 24.421 | D31: 24.421
B32: 11 | C32: 24.231 | D32: 24.231
... B44: 23 | C44: 24.599 | D44: 24.599
B45: 24
B46: PROMEDIO TOTAL T°C | C46: =AVERAGE(C22:C45) -> 23.272478
B47: (DESVIACIÓN ESTÁNDAR) DS T°C | C47: =_xlfn.STDEV.S(C21:C45) -> 1.3920942 | D47: <2.5
B48: VERIFICACIÓN | C48: =IF(ABS(C47)>=2.5,"NO CUMPLE CON DS T°C DEL SHELTER"," CUMPLE CON DS T°C DEL SHELTER") -> CUMPLE CON DS T°C DEL SHELTER

Sheet Dia 22
B1: K2 INGENIERÍA S.A.S | F1: Versión N.07 2024-05-27 FOM303-32
B2: FORMATO DE CAMPO MONITOREO ANALIZADORES AUTOMÁTICOS
A7: PROYECTO: | B7: {='Dia 1'!B7:B7} -> AEROCIVIL | D7: MUNICIPIO: | E7: {='Dia 1'!E7:E7} -> Bogotá DC
A8: ESTACION DE MUESTREO: | B8: {='Dia 1'!B8:B8} -> CA4 Funza | D8: DEPARTAMENTO: | E8: {='Dia 1'!E8:E8} -> Distrito Capital
A9: COORDENADA NORTE: | B9: {='Dia 1'!B9:B9} -> 2078871.8 | D9: COORDENADA OESTE: | E9: {='Dia 1'!E9:E9} -> -4870008.2
A10: RESPONSABLE DEL MUESTREO | B10: {='Dia 1'!B10:B10} -> Leonardo Pérez | D10: ALTURA MSNM: | E10: {='Dia 1'!E10:E10} -> 2550
A11: FECHA INICIO: | B11: {='Dia 1'!B11:B11} -> 45992 | D11: HORA INICIO: | E11: {='Dia 1'!E11:E11} -> 0
A12: FECHA FINAL: | B12: {='Dia 1'!B12:B12} -> 46022 | D12: HORA FINAL: | E12: {='Dia 1'!E12:E12} -> 0.95833333
B15: REGISTRO DE LA TEMPERATURA DEL SHELTER HORARIA PARA DETERMINAR DS T°C
B17: PERIODO DE 24 HORAS DESDE LA HORA 0 | C17: REGISTRO DE LA TEMPERATURA DEL SHELTER DE FORMA HORARIO
B21: 0 | C21: 24.66 | D21: 24.66
B22: 1 | C22: 24.521 | D22: 24.521
B23: 2 | C23: 24.316 | D23: 24.316
B24: 3 | C24: 23.936 | D24: 23.936
B25: 4 | C25: 23.095 | D25: 23.095
B26: 5 | C26: 22.575 | D26: 22.575
B27: 6 | C27: 22.605 | D27: 22.605
B28: 7 | C28: 23.932 | D28: 23.932
B29: 8 | C29: 24.43 | D29: 24.43
B30: 9 | C30: 24.557 | D30: 24.557
B31: 10 | C31: 24.286 | D31: 24.286
B32: 11 | C32: 23.983 | D32: 23.983
... B44: 23 | C44: 24.119 | D44: 24.119
B45: 24
B46: PROMEDIO TOTAL T°C | C46: =AVERAGE(C22:C45) -> 24.026043
B47: (DESVIACIÓN ESTÁNDAR) DS T°C | C47: =_xlfn.STDEV.S(C21:C45) -> 0.57663446 | D47: <2.5
B48: VERIFICACIÓN | C48: =IF(ABS(C47)>=2.5,"NO CUMPLE CON DS T°C DEL SHELTER"," CUMPLE CON DS T°C DEL SHELTER") -> CUMPLE CON DS T°C DEL SHELTER

Sheet Dia 23
B1: K2 INGENIERÍA S.A.S | F1: Versión N.07 2024-05-27 FOM303-32
B2: FORMATO DE CAMPO MONITOREO ANALIZADORES AUTOMÁTICOS
A7: PROYECTO: | B7: {='Dia 1'!B7:B7} -> AEROCIVIL | D7: MUNICIPIO: | E7: {='Dia 1'!E7:E7} -> Bogotá DC
A8: ESTACION DE MUESTREO: | B8: {='Dia 1'!B8:B8} -> CA4 Funza | D8: DEPARTAMENTO: | E8: {='Dia 1'!E8:E8} -> Distrito Capital
A9: COORDENADA NORTE: | B9: {='Dia 1'!B9:B9} -> 2078871.8 | D9: COORDENADA OESTE: | E9: {='Dia 1'!E9:E9} -> -4870008.2
A10: RESPONSABLE DEL MUESTREO | B10: {='Dia 1'!B10:B10} -> Leonardo Pérez | D10: ALTURA MSNM: | E10: {='Dia 1'!E10:E10} -> 2550
A11: FECHA INICIO: | B11: {='Dia 1'!B11:B11} -> 45992 | D11: HORA INICIO: | E11: {='Dia 1'!E11:E11} -> 0
A12: FECHA FINAL: | B12: {='Dia 1'!B12:B12} -> 46022 | D12: HORA FINAL: | E12: {='Dia 1'!E12:E12} -> 0.95833333
B15: REGISTRO DE LA TEMPERATURA DEL SHELTER HORARIA PARA DETERMINAR DS T°C
B17: PERIODO DE 24 HORAS DESDE LA HORA 0 | C17: REGISTRO DE LA TEMPERATURA DEL SHELTER DE FORMA HORARIO
B21: 0 | C21: 24.356 | D21: 24.356
B22: 1 | C22: 24.148 | D22: 24.148
B23: 2 | C23: 24.283 | D23: 24.283
B24: 3 | C24: 24.398 | D24: 24.398
B25: 4 | C25: 24.429 | D25: 24.429
B26: 5 | C26: 24.784 | D26: 24.784
B27: 6 | C27: 24.467 | D27: 24.467
B28: 7 | C28: 23.801 | D28: 23.801
B29: 8 | C29: 23.882 | D29: 23.882
B30: 9 | C30: 23.403 | D30: 23.403
B31: 10 | C31: 23.621 | D31: 23.621
B32: 11 | C32: 23.306 | D32: 23.306
... B44: 23 | C44: 24.151 | D44: 24.151
B45: 24
B46: PROMEDIO TOTAL T°C | C46: =AVERAGE(C22:C45) -> 24.041609
B47: (DESVIACIÓN ESTÁNDAR) DS T°C | C47: =_xlfn.STDEV.S(C21:C45) -> 0.36039091 | D47: <2.5
B48: VERIFICACIÓN | C48: =IF(ABS(C47)>=2.5,"NO CUMPLE CON DS T°C DEL SHELTER"," CUMPLE CON DS T°C DEL SHELTER") -> CUMPLE CON DS T°C DEL SHELTER

Sheet Dia 24
B1: K2 INGENIERÍA S.A.S | F1: Versión N.07 2024-05-27 FOM303-32
B2: FORMATO DE CAMPO MONITOREO ANALIZADORES AUTOMÁTICOS
A7: PROYECTO: | B7: {='Dia 1'!B7:B7} -> AEROCIVIL | D7: MUNICIPIO: | E7: {='Dia 1'!E7:E7} -> Bogotá DC
A8: ESTACION DE MUESTREO: | B8: {='Dia 1'!B8:B8} -> CA4 Funza | D8: DEPARTAMENTO: | E8: {='Dia 1'!E8:E8} -> Distrito Capital
A9: COORDENADA NORTE: | B9: {='Dia 1'!B9:B9} -> 2078871.8 | D9: COORDENADA OESTE: | E9: {='Dia 1'!E9:E9} -> -4870008.2
A10: RESPONSABLE DEL MUESTREO | B10: {='Dia 1'!B10:B10} -> Leonardo Pérez | D10: ALTURA MSNM: | E10: {='Dia 1'!E10:E10} -> 2550
A11: FECHA INICIO: | B11: {='Dia 1'!B11:B11} -> 45992 | D11: HORA INICIO: | E11: {='Dia 1'!E11:E11} -> 0
A12: FECHA FINAL: | B12: {='Dia 1'!B12:B12} -> 46022 | D12: HORA FINAL: | E12: {='Dia 1'!E12:E12} -> 0.95833333
B15: REGISTRO DE LA TEMPERATURA DEL SHELTER HORARIA PARA DETERMINAR DS T°C
B17: PERIODO DE 24 HORAS DESDE LA HORA 0 | C17: REGISTRO DE LA TEMPERATURA DEL SHELTER DE FORMA HORARIO
B21: 0 | C21: 24.404 | D21: 24.404
B22: 1 | C22: 24.268 | D22: 24.268
B23: 2 | C23: 24.252 | D23: 24.252
B24: 3 | C24: 24.409 | D24: 24.409
B25: 4 | C25: 24.343 | D25: 24.343
B26: 5 | C26: 24.771 | D26: 24.771
B27: 6 | C27: 24.15 | D27: 24.15
B28: 7 | C28: 24.247 | D28: 24.247
B29: 8 | C29: 23.151 | D29: 23.151
B30: 9 | C30: 24.227 | D30: 24.227
B31: 10 | C31: 23.775 | D31: 23.775
B32: 11 | C32: 23.893 | D32: 23.893
... B44: 23 | C44: 23.975 | D44: 23.975
B45: 24
B46: PROMEDIO TOTAL T°C | C46: =AVERAGE(C22:C45) -> 23.998826
B47: (DESVIACIÓN ESTÁNDAR) DS T°C | C47: =_xlfn.STDEV.S(C21:C45) -> 0.43367665 | D47: <2.5
B48: VERIFICACIÓN | C48: =IF(ABS(C47)>=2.5,"NO CUMPLE CON DS T°C DEL SHELTER"," CUMPLE CON DS T°C DEL SHELTER") -> CUMPLE CON DS T°C DEL SHELTER

Sheet Dia 25
B1: K2 INGENIERÍA S.A.S | F1: Versión N.07 2024-05-27 FOM303-32
B2: FORMATO DE CAMPO MONITOREO ANALIZADORES AUTOMÁTICOS
A7: PROYECTO: | B7: {='Dia 1'!B7:B7} -> AEROCIVIL | D7: MUNICIPIO: | E7: {='Dia 1'!E7:E7} -> Bogotá DC
A8: ESTACION DE MUESTREO: | B8: {='Dia 1'!B8:B8} -> CA4 Funza | D8: DEPARTAMENTO: | E8: {='Dia 1'!E8:E8} -> Distrito Capital
A9: COORDENADA NORTE: | B9: {='Dia 1'!B9:B9} -> 2078871.8 | D9: COORDENADA OESTE: | E9: {='Dia 1'!E9:E9} -> -4870008.2
A10: RESPONSABLE DEL MUESTREO | B10: {='Dia 1'!B10:B10} -> Leonardo Pérez | D10: ALTURA MSNM: | E10: {='Dia 1'!E10:E10} -> 2550
A11: FECHA INICIO: | B11: {='Dia 1'!B11:B11} -> 45992 | D11: HORA INICIO: | E11: {='Dia 1'!E11:E11} -> 0
A12: FECHA FINAL: | B12: {='Dia 1'!B12:B12} -> 46022 | D12: HORA FINAL: | E12: {='Dia 1'!E12:E12} -> 0.95833333
B15: REGISTRO DE LA TEMPERATURA DEL SHELTER HORARIA PARA DETERMINAR DS T°C
B17: PERIODO DE 24 HORAS DESDE LA HORA 0 | C17: REGISTRO DE LA TEMPERATURA DEL SHELTER DE FORMA HORARIO
B21: 0 | C21: 24.001 | D21: 24.001
B22: 1 | C22: 23.912 | D22: 23.912
B23: 2 | C23: 23.862 | D23: 23.862
B24: 3 | C24: 23.901 | D24: 23.901
B25: 4 | C25: 23.866 | D25: 23.866
B26: 5 | C26: 24.408 | D26: 24.408
B27: 6 | C27: 24.232 | D27: 24.232
B28: 7 | C28: 24.014 | D28: 24.014
B29: 8 | C29: 22.995 | D29: 22.995
B30: 9 | C30: 22.973 | D30: 22.973
B31: 10 | C31: 23.496 | D31: 23.496
B32: 11 | C32: 23.699 | D32: 23.699
... B44: 23 | C44: 24.339 | D44: 24.339
B45: 24
B46: PROMEDIO TOTAL T°C | C46: =AVERAGE(C22:C45) -> 23.986609
B47: (DESVIACIÓN ESTÁNDAR) DS T°C | C47: =_xlfn.STDEV.S(C21:C45) -> 0.45013061 | D47: <2.5
B48: VERIFICACIÓN | C48: =IF(ABS(C47)>=2.5,"NO CUMPLE CON DS T°C DEL SHELTER"," CUMPLE CON DS T°C DEL SHELTER") -> CUMPLE CON DS T°C DEL SHELTER

Sheet Dia 26
B1: K2 INGENIERÍA S.A.S | F1: Versión N.07 2024-05-27 FOM303-32
B2: FORMATO DE CAMPO MONITOREO ANALIZADORES AUTOMÁTICOS
A7: PROYECTO: | B7: {='Dia 1'!B7:B7} -> AEROCIVIL | D7: MUNICIPIO: | E7: {='Dia 1'!E7:E7} -> Bogotá DC
A8: ESTACION DE MUESTREO: | B8: {='Dia 1'!B8:B8} -> CA4 Funza | D8: DEPARTAMENTO: | E8: {='Dia 1'!E8:E8} -> Distrito Capital
A9: COORDENADA NORTE: | B9: {='Dia 1'!B9:B9} -> 2078871.8 | D9: COORDENADA OESTE: | E9: {='Dia 1'!E9:E9} -> -4870008.2
A10: RESPONSABLE DEL MUESTREO | B10: {='Dia 1'!B10:B10} -> Leonardo Pérez | D10: ALTURA MSNM: | E10: {='Dia 1'!E10:E10} -> 2550
A11: FECHA INICIO: | B11: {='Dia 1'!B11:B11} -> 45992 | D11: HORA INICIO: | E11: {='Dia 1'!E11:E11} -> 0
A12: FECHA FINAL: | B12: {='Dia 1'!B12:B12} -> 46022 | D12: HORA FINAL: | E12: {='Dia 1'!E12:E12} -> 0.95833333
B15: REGISTRO DE LA TEMPERATURA DEL SHELTER HORARIA PARA DETERMINAR DS T°C
B17: PERIODO DE 24 HORAS DESDE LA HORA 0 | C17: REGISTRO DE LA TEMPERATURA DEL SHELTER DE FORMA HORARIO
B21: 0 | C21: 24.248 | D21: 24.248
B22: 1 | C22: 24.316 | D22: 24.316
B23: 2 | C23: 24.479 | D23: 24.479
B24: 3 | C24: 24.475 | D24: 24.475
B25: 4 | C25: 24.353 | D25: 24.353
B26: 5 | C26: 24.46 | D26: 24.46
B27: 6 | C27: 24.486 | D27: 24.486
B28: 7 | C28: 24.375 | D28: 24.375
B29: 8 | C29: 23.73 | D29: 23.73
B30: 9 | C30: 24.01 | D30: 24.01
B31: 10 | C31: 24.37 | D31: 24.37
B32: 11 | C32: 24.255 | D32: 24.255
... B44: 23 | C44: 24.287 | D44: 24.287
B45: 24
B46: PROMEDIO TOTAL T°C | C46: =AVERAGE(C22:C45) -> 24.188739
B47: (DESVIACIÓN ESTÁNDAR) DS T°C | C47: =_xlfn.STDEV.S(C21:C45) -> 0.29334843 | D47: <2.5
B48: VERIFICACIÓN | C48: =IF(ABS(C47)>=2.5,"NO CUMPLE CON DS T°C DEL SHELTER"," CUMPLE CON DS T°C DEL SHELTER") -> CUMPLE CON DS T°C DEL SHELTER

Sheet Dia 27
B1: K2 INGENIERÍA S.A.S | F1: Versión N.07 2024-05-27 FOM303-32
B2: FORMATO DE CAMPO MONITOREO ANALIZADORES AUTOMÁTICOS
A7: PROYECTO: | B7: {='Dia 1'!B7:B7} -> AEROCIVIL | D7: MUNICIPIO: | E7: {='Dia 1'!E7:E7} -> Bogotá DC
A8: ESTACION DE MUESTREO: | B8: {='Dia 1'!B8:B8} -> CA4 Funza | D8: DEPARTAMENTO: | E8: {='Dia 1'!E8:E8} -> Distrito Capital
A9: COORDENADA NORTE: | B9: {='Dia 1'!B9:B9} -> 2078871.8 | D9: COORDENADA OESTE: | E9: {='Dia 1'!E9:E9} -> -4870008.2
A10: RESPONSABLE DEL MUESTREO | B10: {='Dia 1'!B10:B10} -> Leonardo Pérez | D10: ALTURA MSNM: | E10: {='Dia 1'!E10:E10} -> 2550
A11: FECHA INICIO: | B11: {='Dia 1'!B11:B11} -> 45992 | D11: HORA INICIO: | E11: {='Dia 1'!E11:E11} -> 0
A12: FECHA FINAL: | B12: {='Dia 1'!B12:B12} -> 46022 | D12: HORA FINAL: | E12: {='Dia 1'!E12:E12} -> 0.95833333
B15: REGISTRO DE LA TEMPERATURA DEL SHELTER HORARIA PARA DETERMINAR DS T°C
B17: PERIODO DE 24 HORAS DESDE LA HORA 0 | C17: REGISTRO DE LA TEMPERATURA DEL SHELTER DE FORMA HORARIO
B21: 0 | C21: 24.531 | D21: 24.531
B22: 1 | C22: 24.625 | D22: 24.625
B23: 2 | C23: 24.558 | D23: 24.558
B24: 3 | C24: 24.79 | D24: 24.79
B25: 4 | C25: 24.961 | D25: 24.961
B26: 5 | C26: 24.918 | D26: 24.918
B27: 6 | C27: 24.553 | D27: 24.553
B28: 7 | C28: 24.217 | D28: 24.217
B29: 8 | C29: 24.055 | D29: 24.055
B30: 9 | C30: 23.973 | D30: 23.973
B31: 10 | C31: 23.779 | D31: 23.779
B32: 11 | C32: 24.433 | D32: 24.433
... B44: 23 | C44: 24.047 | D44: 24.047
B45: 24
B46: PROMEDIO TOTAL T°C | C46: =AVERAGE(C22:C45) -> 24.341783
B47: (DESVIACIÓN ESTÁNDAR) DS T°C | C47: =_xlfn.STDEV.S(C21:C45) -> 0.34691456 | D47: <2.5
B48: VERIFICACIÓN | C48: =IF(ABS(C47)>=2.5,"NO CUMPLE CON DS T°C DEL SHELTER"," CUMPLE CON DS T°C DEL SHELTER") -> CUMPLE CON DS T°C DEL SHELTER

Sheet Dia 28
B1: K2 INGENIERÍA S.A.S | F1: Versión N.07 2024-05-27 FOM303-32
B2: FORMATO DE CAMPO MONITOREO ANALIZADORES AUTOMÁTICOS
A7: PROYECTO: | B7: {='Dia 1'!B7:B7} -> AEROCIVIL | D7: MUNICIPIO: | E7: {='Dia 1'!E7:E7} -> Bogotá DC
A8: ESTACION DE MUESTREO: | B8: {='Dia 1'!B8:B8} -> CA4 Funza | D8: DEPARTAMENTO: | E8: {='Dia 1'!E8:E8} -> Distrito Capital
A9: COORDENADA NORTE: | B9: {='Dia 1'!B9:B9} -> 2078871.8 | D9: COORDENADA OESTE: | E9: {='Dia 1'!E9:E9} -> -4870008.2
A10: RESPONSABLE DEL MUESTREO | B10: {='Dia 1'!B10:B10} -> Leonardo Pérez | D10: ALTURA MSNM: | E10: {='Dia 1'!E10:E10} -> 2550
A11: FECHA INICIO: | B11: {='Dia 1'!B11:B11} -> 45992 | D11: HORA INICIO: | E11: {='Dia 1'!E11:E11} -> 0
A12: FECHA FINAL: | B12: {='Dia 1'!B12:B12} -> 46022 | D12: HORA FINAL: | E12: {='Dia 1'!E12:E12} -> 0.95833333
B15: REGISTRO DE LA TEMPERATURA DEL SHELTER HORARIA PARA DETERMINAR DS T°C
B17: PERIODO DE 24 HORAS DESDE LA HORA 0 | C17: REGISTRO DE LA TEMPERATURA DEL SHELTER DE FORMA HORARIO
B21: 0 | C21: 24.323 | D21: 24.323
B22: 1 | C22: 23.756 | D22: 23.756
B23: 2 | C23: 23.003 | D23: 23.003
B24: 3 | C24: 22.406 | D24: 22.406
B25: 4 | C25: 22.278 | D25: 22.278
B26: 5 | C26: 22.816 | D26: 22.816
B27: 6 | C27: 22.973 | D27: 22.973
B28: 7 | C28: 24.019 | D28: 24.019
B29: 8 | C29: 24.146 | D29: 24.146
B30: 9 | C30: 24.053 | D30: 24.053
B31: 10 | C31: 23.706 | D31: 23.706
B32: 11 | C32: 24.312 | D32: 24.312
... B44: 23 | C44: 24.519 | D44: 24.519
B45: 24
B46: PROMEDIO TOTAL T°C | C46: =AVERAGE(C22:C45) -> 23.859652
B47: (DESVIACIÓN ESTÁNDAR) DS T°C | C47: =_xlfn.STDEV.S(C21:C45) -> 0.66660767 | D47: <2.5
B48: VERIFICACIÓN | C48: =IF(ABS(C47)>=2.5,"NO CUMPLE CON DS T°C DEL SHELTER"," CUMPLE CON DS T°C DEL SHELTER") -> CUMPLE CON DS T°C DEL SHELTER

Sheet Dia 29
B1: K2 INGENIERÍA S.A.S | F1: Versión N.07 2024-05-27 FOM303-32
B2: FORMATO DE CAMPO MONITOREO ANALIZADORES AUTOMÁTICOS
A7: PROYECTO: | B7: {='Dia 1'!B7:B7} -> AEROCIVIL | D7: MUNICIPIO: | E7: {='Dia 1'!E7:E7} -> Bogotá DC
A8: ESTACION DE MUESTREO: | B8: {='Dia 1'!B8:B8} -> CA4 Funza | D8: DEPARTAMENTO: | E8: {='Dia 1'!E8:E8} -> Distrito Capital
A9: COORDENADA NORTE: | B9: {='Dia 1'!B9:B9} -> 2078871.8 | D9: COORDENADA OESTE: | E9: {='Dia 1'!E9:E9} -> -4870008.2
A10: RESPONSABLE DEL MUESTREO | B10: {='Dia 1'!B10:B10} -> Leonardo Pérez | D10: ALTURA MSNM: | E10: {='Dia 1'!E10:E10} -> 2550
A11: FECHA INICIO: | B11: {='Dia 1'!B11:B11} -> 45992 | D11: HORA INICIO: | E11: {='Dia 1'!E11:E11} -> 0
A12: FECHA FINAL: | B12: {='Dia 1'!B12:B12} -> 46022 | D12: HORA FINAL: | E12: {='Dia 1'!E12:E12} -> 0.95833333
B15: REGISTRO DE LA TEMPERATURA DEL SHELTER HORARIA PARA DETERMINAR DS T°C
B17: PERIODO DE 24 HORAS DESDE LA HORA 0 | C17: REGISTRO DE LA TEMPERATURA DEL SHELTER DE FORMA HORARIO
B21: 0 | C21: 23.999 | D21: 23.999
B22: 1 | C22: 24.046 | D22: 24.046
B23: 2 | C23: 23.944 | D23: 23.944
B24: 3 | C24: 23.31 | D24: 23.31
B25: 4 | C25: 23.154 | D25: 23.154
B26: 5 | C26: 22.91 | D26: 22.91
B27: 6 | C27: 23.236 | D27: 23.236
B28: 7 | C28: 24.362 | D28: 24.362
B29: 8 | C29: 24.123 | D29: 24.123
B30: 9 | C30: 23.692 | D30: 23.692
B31: 10 | C31: 24.497 | D31: 24.497
B32: 11 | C32: 23.753 | D32: 23.753
... B44: 23 | C44: 24.301 | D44: 24.301
B45: 24
B46: PROMEDIO TOTAL T°C | C46: =AVERAGE(C22:C45) -> 23.928739
B47: (DESVIACIÓN ESTÁNDAR) DS T°C | C47: =_xlfn.STDEV.S(C21:C45) -> 0.51417495 | D47: <2.5
B48: VERIFICACIÓN | C48: =IF(ABS(C47)>=2.5,"NO CUMPLE CON DS T°C DEL SHELTER"," CUMPLE CON DS T°C DEL SHELTER") -> CUMPLE CON DS T°C DEL SHELTER

Sheet Dia 30
B1: K2 INGENIERÍA S.A.S | F1: Versión N.07 2024-05-27 FOM303-32
B2: FORMATO DE CAMPO MONITOREO ANALIZADORES AUTOMÁTICOS
A7: PROYECTO: | B7: {='Dia 1'!B7:B7} -> AEROCIVIL | D7: MUNICIPIO: | E7: {='Dia 1'!E7:E7} -> Bogotá DC
A8: ESTACION DE MUESTREO: | B8: {='Dia 1'!B8:B8} -> CA4 Funza | D8: DEPARTAMENTO: | E8: {='Dia 1'!E8:E8} -> Distrito Capital
A9: COORDENADA NORTE: | B9: {='Dia 1'!B9:B9} -> 2078871.8 | D9: COORDENADA OESTE: | E9: {='Dia 1'!E9:E9} -> -4870008.2
A10: RESPONSABLE DEL MUESTREO | B10: {='Dia 1'!B10:B10} -> Leonardo Pérez | D10: ALTURA MSNM: | E10: {='Dia 1'!E10:E10} -> 2550
A11: FECHA INICIO: | B11: {='Dia 1'!B11:B11} -> 45992 | D11: HORA INICIO: | E11: {='Dia 1'!E11:E11} -> 0
A12: FECHA FINAL: | B12: {='Dia 1'!B12:B12} -> 46022 | D12: HORA FINAL: | E12: {='Dia 1'!E12:E12} -> 0.95833333
B15: REGISTRO DE LA TEMPERATURA DEL SHELTER HORARIA PARA DETERMINAR DS T°C
B17: PERIODO DE 24 HORAS DESDE LA HORA 0 | C17: REGISTRO DE LA TEMPERATURA DEL SHELTER DE FORMA HORARIO
B21: 0 | C21: 24.138 | D21: 24.138
B22: 1 | C22: 24.425 | D22: 24.425
B23: 2 | C23: 24.807 | D23: 24.807
B24: 3 | C24: 24.453 | D24: 24.453
B25: 4 | C25: 23.888 | D25: 23.888
B26: 5 | C26: 23.875 | D26: 23.875
B27: 6 | C27: 24.277 | D27: 24.277
B28: 7 | C28: 24.399 | D28: 24.399
B29: 8 | C29: 23.925 | D29: 23.925
B30: 9 | C30: 24.348 | D30: 24.348
B31: 10 | C31: 24.349 | D31: 24.349
B32: 11 | C32: 23.662 | D32: 23.662
... B44: 23 | C44: 22.827 | D44: 22.827
B45: 24
B46: PROMEDIO TOTAL T°C | C46: =AVERAGE(C22:C45) -> 24.083913
B47: (DESVIACIÓN ESTÁNDAR) DS T°C | C47: =_xlfn.STDEV.S(C21:C45) -> 0.45793484 | D47: <2.5
B48: VERIFICACIÓN | C48: =IF(ABS(C47)>=2.5,"NO CUMPLE CON DS T°C DEL SHELTER"," CUMPLE CON DS T°C DEL SHELTER") -> CUMPLE CON DS T°C DEL SHELTER

Sheet Dia 31
B1: K2 INGENIERÍA S.A.S | F1: Versión N.07 2024-05-27 FOM303-32
B2: FORMATO DE CAMPO MONITOREO ANALIZADORES AUTOMÁTICOS
A7: PROYECTO: | B7: {='Dia 1'!B7:B7} -> AEROCIVIL | D7: MUNICIPIO: | E7: {='Dia 1'!E7:E7} -> Bogotá DC
A8: ESTACION DE MUESTREO: | B8: {='Dia 1'!B8:B8} -> CA4 Funza | D8: DEPARTAMENTO: | E8: {='Dia 1'!E8:E8} -> Distrito Capital
A9: COORDENADA NORTE: | B9: {='Dia 1'!B9:B9} -> 2078871.8 | D9: COORDENADA OESTE: | E9: {='Dia 1'!E9:E9} -> -4870008.2
A10: RESPONSABLE DEL MUESTREO | B10: {='Dia 1'!B10:B10} -> Leonardo Pérez | D10: ALTURA MSNM: | E10: {='Dia 1'!E10:E10} -> 2550
A11: FECHA INICIO: | B11: {='Dia 1'!B11:B11} -> 45992 | D11: HORA INICIO: | E11: {='Dia 1'!E11:E11} -> 0
A12: FECHA FINAL: | B12: {='Dia 1'!B12:B12} -> 46022 | D12: HORA FINAL: | E12: {='Dia 1'!E12:E12} -> 0.95833333
B15: REGISTRO DE LA TEMPERATURA DEL SHELTER HORARIA PARA DETERMINAR DS T°C
B17: PERIODO DE 24 HORAS DESDE LA HORA 0 | C17: REGISTRO DE LA TEMPERATURA DEL SHELTER DE FORMA HORARIO
B21: 0 | C21: 24.062 | D21: 24.062
B22: 1 | C22: 23.157 | D22: 23.157
B23: 2 | C23: 22.275 | D23: 22.275
B24: 3 | C24: 21.76 | D24: 21.76
B25: 4 | C25: 21.727 | D25: 21.727
B26: 5 | C26: 21.642 | D26: 21.642
B27: 6 | C27: 23.088 | D27: 23.088
B28: 7 | C28: 24.483 | D28: 24.483
B29: 8 | C29: 24.459 | D29: 24.459
B30: 9 | C30: 24.24 | D30: 24.24
B31: 10 | C31: 24.402 | D31: 24.402
B32: 11 | C32: 24.352 | D32: 24.352
... B44: 23 | C44: 24.521 | D44: 24.521
B45: 24
B46: PROMEDIO TOTAL T°C | C46: =AVERAGE(C22:C45) -> 23.846652
B47: (DESVIACIÓN ESTÁNDAR) DS T°C | C47: =_xlfn.STDEV.S(C21:C45) -> 0.99275238 | D47: <2.5
B48: VERIFICACIÓN | C48: =IF(ABS(C47)>=2.5,"NO CUMPLE CON DS T°C DEL SHELTER"," CUMPLE CON DS T°C DEL SHELTER") -> CUMPLE CON DS T°C DEL SHELTER

Sheet Cambios
A2: CONTROL DE CAMBIOS
A4: FECHA | B4: VERSION | C4: CAMBIOS
A5: 44278 | B5: 6 | C5: Revisión general
A6: 45439 | B6: 7 | C6: Revisión general. Cambio de logo y formato fecha aaaa-mm-dd
